{
  "POST /api/users/1/balance/charge" : {
    "transaction" : "POST /api/users/1/balance/charge",
    "sampleCount" : 100,
    "errorCount" : 0,
    "errorPct" : 0.0,
    "meanResTime" : 22.989999999999995,
    "medianResTime" : 23.0,
    "minResTime" : 11.0,
    "maxResTime" : 50.0,
    "pct1ResTime" : 31.0,
    "pct2ResTime" : 32.94999999999999,
    "pct3ResTime" : 49.91999999999996,
    "throughput" : 10.116337885685383,
    "receivedKBytesPerSec" : 2.646844967121902,
    "sentKBytesPerSec" : 2.1536734951947394
  },
  "Total" : {
    "transaction" : "Total",
    "sampleCount" : 100,
    "errorCount" : 0,
    "errorPct" : 0.0,
    "meanResTime" : 22.989999999999995,
    "medianResTime" : 23.0,
    "minResTime" : 11.0,
    "maxResTime" : 50.0,
    "pct1ResTime" : 31.0,
    "pct2ResTime" : 32.94999999999999,
    "pct3ResTime" : 49.91999999999996,
    "throughput" : 10.116337885685383,
    "receivedKBytesPerSec" : 2.646844967121902,
    "sentKBytesPerSec" : 2.1536734951947394
  }
}